order_id,order_date,customer_segment,priority,product_category,order_value_inr,origin,destination,special_handling,carrier,promised_delivery_days,actual_delivery_days,delivery_status,quality_issue,customer_rating,delivery_cost_inr,route,distance_km,fuel_consumption_l,toll_charges_inr,traffic_delay_minutes,weather_impact,fuel_cost,labor_cost,vehicle_maintenance,insurance,packaging_cost,technology_platform_fee,other_overhead,feedback_date,rating,feedback_text,would_recommend,issue_category,total_cost,delivery_delay_days,is_delayed,cost_per_km,traffic_delay_hours,priority_encoded
ORD000001,2025-10-09,Individual,Express,Industrial,238.73,Kolkata,Hyderabad,Unknown,SpeedyLogistics,1.0,2.0,Slightly-Delayed,Perfect,3.0,387.86,Kolkata-Hyderabad,152.59,23.02,122.08,21.0,Unknown,151.36,110.31,53.0,32.17,37.46,43.77,30.38,,4.0,Unknown,Unknown,Unknown,458.45,1.0,1,3.0044563863949145,0.35,3
ORD000002,2025-09-29,SMB,Express,Industrial,17.01,Hyderabad,Kolkata,Unknown,SpeedyLogistics,2.0,3.0,Slightly-Delayed,Minor_Damage,1.0,430.19,Hyderabad-Kolkata,362.05,43.98,289.64,33.0,Unknown,157.32,146.2,51.61,28.54,21.74,48.64,38.74,2025-10-03,1.0,"Great service, very fast delivery!",Yes,Timing,492.79,1.0,1,1.3611103438751553,0.55,3
ORD000003,2025-09-15,SMB,Economy,Industrial,3024.95,Mumbai,Pune,Unknown,SpeedyLogistics,10.0,15.0,Severely-Delayed,Minor_Damage,3.0,1039.19,Mumbai-Pune,519.74,65.75,415.79,2.0,Unknown,322.61,319.74,128.03,58.13,102.91,92.06,55.45,2025-09-30,3.0,"Perfect condition, thank you",No,Timing,1078.93,5.0,1,2.0759033362835266,0.03333333333333333,1
ORD000004,2025-10-13,Individual,Economy,Fashion,56.74,Hyderabad,Ahmedabad,Unknown,QuickShip,5.0,5.0,On-Time,Perfect,5.0,599.01,Hyderabad-Ahmedabad,540.87,61.85,432.7,112.0,Unknown,215.33,194.01,60.87,49.68,45.89,50.4,35.12,,4.0,Unknown,Unknown,Unknown,651.3,0.0,0,1.204171057740307,1.8666666666666667,1
ORD000005,2025-09-08,SMB,Standard,Fashion,19148.65,Chennai,Mumbai,Unknown,SpeedyLogistics,4.0,5.0,Slightly-Delayed,Perfect,3.0,537.9,Chennai-Mumbai,1251.56,147.54,1001.25,10.0,Unknown,191.92,150.42,79.03,48.92,53.35,48.62,52.98,,4.0,Unknown,Unknown,Unknown,625.24,1.0,1,0.49956853846399696,0.16666666666666666,2
ORD000006,2025-09-21,Individual,Express,Food & Beverage,158.22,Chennai,Dubai,Unknown,GlobalTransit,1.0,2.0,Slightly-Delayed,Perfect,4.0,378.99,Chennai-Dubai,3041.83,365.82,0.0,0.0,Unknown,130.04,107.92,38.85,19.95,32.06,37.26,23.24,,4.0,Unknown,Unknown,Unknown,389.32,1.0,1,0.1279887436181509,0.0,3
ORD000007,2025-10-09,Individual,Standard,Electronics,736.82,Pune,Bangalore,Unknown,QuickShip,3.0,3.0,On-Time,Perfect,4.0,439.72,Pune-Bangalore,854.87,103.85,683.9,10.0,Unknown,158.91,121.05,56.67,29.88,40.09,49.61,32.48,2025-10-12,4.0,"Delayed by 3 days, not acceptable",Yes,Timing,488.69000000000005,0.0,0,0.5716541696398283,0.16666666666666666,2
ORD000008,2025-09-19,Enterprise,Standard,Industrial,4771.54,Chennai,Kolkata,Unknown,GlobalTransit,5.0,10.0,Severely-Delayed,Perfect,2.0,836.35,Chennai-Kolkata,1430.06,173.95,1144.05,81.0,Unknown,280.25,239.41,117.33,55.54,50.56,69.74,61.33,,4.0,Unknown,Unknown,Unknown,874.16,5.0,1,0.6112750513964449,1.35,2
ORD000009,2025-09-23,SMB,Express,Books,3711.35,Delhi,Hong Kong,Unknown,SpeedyLogistics,2.0,2.0,On-Time,Perfect,5.0,414.8,Delhi-Hong Kong,3708.13,446.18,0.0,0.0,Unknown,144.44,138.58,46.07,28.64,37.51,46.85,28.72,2025-09-25,5.0,Wrong item delivered,Yes,Service,470.80999999999995,0.0,0,0.12696696178397196,0.0,3
ORD000010,2025-09-11,SMB,Standard,Electronics,7936.32,Hyderabad,Mumbai,Hazmat,GlobalTransit,4.0,9.0,Severely-Delayed,Minor_Damage,3.0,891.65,Hyderabad-Mumbai,771.73,88.0,617.39,16.0,Light_Rain,308.43,249.95,130.74,49.87,86.21,95.72,68.28,,4.0,Unknown,Unknown,Unknown,989.2,5.0,1,1.281795446594016,0.26666666666666666,2
ORD000011,2025-09-11,Enterprise,Standard,Books,41.07,Delhi,Bangkok,Unknown,EcoDeliver,3.0,4.0,Slightly-Delayed,Perfect,3.0,319.8,Delhi-Bangkok,4720.83,562.82,0.0,0.0,Unknown,96.98,95.16,38.5,18.57,26.49,38.01,24.98,2025-09-16,3.0,"Perfect condition, thank you",No,Timing,338.69,1.0,1,0.07174373997792761,0.0,2
ORD000012,2025-09-24,Enterprise,Standard,Electronics,73.42,Mumbai,Hong Kong,Unknown,ReliableExpress,3.0,3.0,On-Time,Perfect,5.0,583.33,Mumbai-Hong Kong,3797.36,454.22,0.0,0.0,Unknown,216.69,149.83,70.51,32.56,47.04,68.56,48.47,,4.0,Unknown,Unknown,Unknown,633.6600000000001,0.0,0,0.16686856131628292,0.0,2
ORD000013,2025-10-06,SMB,Standard,Food & Beverage,566.23,Hyderabad,Bangalore,Unknown,QuickShip,3.0,3.0,On-Time,Perfect,4.0,587.57,Hyderabad-Bangalore,164.57,22.21,131.65,102.0,Unknown,180.78,167.73,74.93,41.22,53.87,66.15,47.35,2025-10-13,4.0,Wrong item delivered,Yes,Timing,632.03,0.0,0,3.840493407060825,1.7,2
ORD000014,2025-10-10,SMB,Express,Industrial,1421.72,Delhi,Bangalore,Unknown,SpeedyLogistics,2.0,2.0,On-Time,Perfect,5.0,313.96,Delhi-Bangalore,1450.16,171.78,1160.13,45.0,Unknown,105.91,86.51,33.06,21.27,22.18,33.6,26.03,2025-10-16,5.0,Package arrived damaged,Yes,Service,328.56000000000006,0.0,0,0.22656810283003256,0.75,3
ORD000015,2025-09-24,Enterprise,Standard,Industrial,396.69,Kolkata,Delhi,Hazmat,EcoDeliver,3.0,3.0,On-Time,Perfect,5.0,435.14,Kolkata-Delhi,1748.33,214.29,1398.67,25.0,Fog,133.59,125.98,47.47,25.17,39.76,35.54,30.88,2025-09-27,5.0,Poor customer service response,Yes,Unknown,438.39,0.0,0,0.2507478565259419,0.4166666666666667,2
ORD000016,2025-09-03,Enterprise,Standard,Healthcare,34.57,Delhi,Mumbai,Fragile,ReliableExpress,3.0,3.0,On-Time,Perfect,5.0,425.42,Delhi-Mumbai,921.79,114.25,737.43,54.0,Unknown,134.78,143.76,54.39,26.19,31.96,46.48,41.65,,4.0,Unknown,Unknown,Unknown,479.2099999999999,0.0,0,0.5198689506286681,0.9,2
ORD000017,2025-09-22,Individual,Standard,Books,849.69,Hyderabad,Singapore,Unknown,GlobalTransit,5.0,5.0,On-Time,Perfect,4.0,437.4,Hyderabad-Singapore,2857.35,339.91,0.0,0.0,Light_Rain,140.86,148.11,64.17,41.91,35.77,46.01,30.69,,4.0,Unknown,Unknown,Unknown,507.52000000000004,0.0,0,0.17761912261361054,0.0,2
ORD000018,2025-09-02,Enterprise,Economy,Electronics,301.46,Mumbai,Chennai,Fragile,EcoDeliver,7.0,8.0,Slightly-Delayed,Perfect,3.0,658.72,Mumbai-Chennai,757.12,90.97,605.7,114.0,Unknown,247.18,199.68,88.18,47.05,57.03,74.42,37.76,,4.0,Unknown,Unknown,Unknown,751.2999999999998,1.0,1,0.9923129754860522,1.9,1
ORD000019,2025-09-24,Enterprise,Standard,Electronics,296.08,Ahmedabad,Bangalore,Hazmat,GlobalTransit,5.0,6.0,Slightly-Delayed,Wrong_Item,1.0,417.76,Ahmedabad-Bangalore,1571.48,193.39,1257.18,81.0,Unknown,160.12,127.01,59.42,29.9,28.81,48.71,26.13,2025-09-30,1.0,"Delayed by 3 days, not acceptable",No,Timing,480.09999999999997,1.0,1,0.3055081833685443,1.35,2
ORD000020,2025-10-14,SMB,Express,Fashion,13.24,Kolkata,Pune,Temperature_Controlled,QuickShip,2.0,2.0,On-Time,Perfect,5.0,311.13,Kolkata-Pune,1123.6,135.75,898.88,6.0,Fog,119.6,92.84,39.11,20.36,24.47,28.94,16.17,2025-10-20,5.0,Driver was very professional,Yes,Unknown,341.49,0.0,0,0.3039248843004628,0.1,3
ORD000021,2025-09-30,Individual,Express,Healthcare,1334.39,Mumbai,Singapore,Fragile,QuickShip,2.0,2.0,On-Time,Perfect,5.0,526.67,Mumbai-Singapore,2601.42,308.26,0.0,0.0,Heavy_Rain,172.33,132.0,78.43,51.77,36.74,57.48,35.44,2025-10-03,5.0,Excellent packaging,No,Quality,564.19,0.0,0,0.21687770525328476,0.0,3
ORD000022,2025-10-08,Enterprise,Standard,Home Goods,501.6,Bangalore,Dubai,Fragile,SpeedyLogistics,3.0,3.0,On-Time,Perfect,5.0,363.82,Bangalore-Dubai,3317.45,401.56,0.0,0.0,Heavy_Rain,133.56,120.26,53.6,25.47,32.44,32.98,36.21,2025-10-14,5.0,Poor customer service response,Yes,Unknown,434.52,0.0,0,0.13098012027310132,0.0,2
ORD000023,2025-09-02,SMB,Express,Home Goods,5959.53,Ahmedabad,Dubai,Unknown,EcoDeliver,1.0,3.0,Slightly-Delayed,Perfect,4.0,577.28,Ahmedabad-Dubai,2187.37,266.32,0.0,0.0,Unknown,174.67,179.16,76.76,48.72,32.34,67.85,34.09,2025-09-05,4.0,Driver was very professional,Yes,Unknown,613.59,2.0,1,0.28051495631740403,0.0,3
ORD000024,2025-09-21,Individual,Standard,Fashion,360.77,Bangalore,Kolkata,Unknown,ReliableExpress,5.0,6.0,Slightly-Delayed,Perfect,3.0,612.64,Bangalore-Kolkata,967.74,117.39,774.19,30.0,Light_Rain,221.94,166.8,70.67,47.37,43.41,52.94,35.87,,4.0,Unknown,Unknown,Unknown,639.0000000000001,1.0,1,0.6603013206026414,0.5,2
ORD000025,2025-10-03,Enterprise,Economy,Fashion,943.42,Mumbai,Hyderabad,Unknown,QuickShip,10.0,10.0,On-Time,Perfect,5.0,951.95,Mumbai-Hyderabad,1396.41,171.86,1117.13,85.0,Light_Rain,325.39,310.08,137.94,51.6,66.31,79.97,48.39,2025-10-17,5.0,Late delivery but good quality,No,Quality,1019.6800000000002,0.0,0,0.7302153379021922,1.4166666666666667,1
ORD000026,2025-09-12,Individual,Standard,Fashion,1404.91,Bangalore,Delhi,Unknown,SpeedyLogistics,5.0,6.0,Slightly-Delayed,Perfect,3.0,629.91,Bangalore-Delhi,1277.31,149.62,1021.84,20.0,Unknown,230.66,195.43,68.13,38.86,32.24,71.43,62.19,2025-09-20,3.0,Late delivery but good quality,Yes,Service,698.94,1.0,1,0.5471968433661367,0.3333333333333333,2
ORD000027,2025-09-22,SMB,Standard,Books,29.39,Bangalore,Bangkok,Unknown,SpeedyLogistics,5.0,5.0,On-Time,Perfect,5.0,361.87,Bangalore-Bangkok,4413.31,527.38,0.0,0.0,Unknown,113.46,98.84,51.9,34.86,25.69,29.68,18.81,,4.0,Unknown,Unknown,Unknown,373.24,0.0,0,0.08457144410884347,0.0,2
ORD000028,2025-10-14,SMB,Standard,Books,20435.93,Kolkata,Dubai,Unknown,GlobalTransit,5.0,5.0,On-Time,Perfect,5.0,620.17,Kolkata-Dubai,4872.34,579.77,0.0,0.0,Fog,221.65,179.41,62.91,49.09,31.36,69.15,40.51,,4.0,Unknown,Unknown,Unknown,654.08,0.0,0,0.13424350517410527,0.0,2
ORD000029,2025-09-25,SMB,Standard,Food & Beverage,211.41,Chennai,Singapore,Unknown,ReliableExpress,3.0,3.0,On-Time,Perfect,5.0,267.94,Chennai-Singapore,4030.46,486.94,0.0,0.0,Unknown,81.46,82.75,32.12,26.44,20.69,24.39,22.9,,4.0,Unknown,Unknown,Unknown,290.74999999999994,0.0,0,0.07213816785180846,0.0,2
ORD000030,2025-10-19,SMB,Standard,Food & Beverage,847.13,Delhi,Chennai,Fragile,GlobalTransit,5.0,5.0,On-Time,Perfect,5.0,530.24,Delhi-Chennai,124.34,17.3,99.47,24.0,Unknown,173.47,180.51,62.96,41.09,27.85,51.46,48.58,2025-10-28,5.0,Wrong item delivered,Yes,Other,585.9200000000001,0.0,0,4.712240630529195,0.4,2
ORD000031,2025-09-27,Enterprise,Economy,Fashion,1054.55,Mumbai,Bangkok,Temperature_Controlled,QuickShip,7.0,8.0,Slightly-Delayed,Perfect,3.0,871.77,Mumbai-Bangkok,2207.09,259.91,0.0,0.0,Heavy_Rain,331.77,237.5,97.03,79.21,84.14,73.07,63.21,2025-10-07,3.0,Poor customer service response,Yes,Unknown,965.9300000000001,1.0,1,0.43764866860889223,0.0,1
ORD000032,2025-10-12,Individual,Standard,Healthcare,118.85,Chennai,Dubai,Unknown,ReliableExpress,3.0,5.0,Slightly-Delayed,Perfect,3.0,416.08,Chennai-Dubai,4465.78,538.99,0.0,0.0,Heavy_Rain,138.86,140.25,43.35,25.2,36.46,34.14,31.05,2025-10-21,3.0,"Great service, very fast delivery!",No,Service,449.31,2.0,1,0.10061176323061145,0.0,2
ORD000033,2025-09-28,SMB,Economy,Electronics,6441.2,Delhi,Chennai,Unknown,SpeedyLogistics,5.0,5.0,On-Time,Perfect,5.0,505.95,Delhi-Chennai,1290.06,150.85,1032.05,22.0,Unknown,174.15,143.41,60.58,38.7,29.38,52.05,45.67,,4.0,Unknown,Unknown,Unknown,543.9399999999999,0.0,0,0.4216393035982822,0.36666666666666664,1
ORD000034,2025-09-16,Enterprise,Economy,Books,601.2,Mumbai,Dubai,Temperature_Controlled,ReliableExpress,7.0,8.0,Slightly-Delayed,Perfect,3.0,791.94,Mumbai-Dubai,2232.95,267.03,0.0,0.0,Unknown,297.78,210.17,85.1,50.22,53.89,76.29,66.51,2025-09-27,3.0,Driver was very professional,Yes,Unknown,839.9599999999999,1.0,1,0.37616605835329947,0.0,1
ORD000035,2025-09-15,Enterprise,Express,Healthcare,292.89,Pune,Delhi,Unknown,SpeedyLogistics,2.0,3.0,Slightly-Delayed,Perfect,3.0,602.9,Pune-Delhi,212.22,23.95,169.77,2.0,Unknown,184.29,152.82,72.1,51.16,35.98,63.7,37.98,,4.0,Unknown,Unknown,Unknown,598.0300000000001,1.0,1,2.817971915936293,0.03333333333333333,3
ORD000036,2025-10-17,SMB,Express,Industrial,496.59,Chennai,Hong Kong,Fragile,EcoDeliver,2.0,3.0,Slightly-Delayed,Perfect,3.0,518.38,Chennai-Hong Kong,3731.12,449.71,0.0,0.0,Unknown,201.45,176.03,59.54,31.88,36.58,46.46,43.35,,4.0,Unknown,Unknown,Unknown,595.2900000000001,1.0,1,0.15954726730847577,0.0,3
ORD000037,2025-10-14,SMB,Express,Books,1269.5,Chennai,Dubai,Unknown,QuickShip,1.0,1.0,On-Time,Minor_Damage,4.0,253.27,Chennai-Dubai,2302.82,280.03,0.0,0.0,Unknown,96.9,80.36,35.77,17.69,14.64,27.74,17.23,,4.0,Unknown,Unknown,Unknown,290.33000000000004,0.0,0,0.12607585482147976,0.0,3
ORD000038,2025-09-03,Enterprise,Express,Books,410.02,Hyderabad,Singapore,Unknown,SpeedyLogistics,1.0,6.0,Severely-Delayed,Perfect,1.0,669.84,Hyderabad-Singapore,2338.79,284.08,0.0,0.0,Unknown,245.92,185.59,69.7,66.74,38.72,80.07,66.22,2025-09-11,1.0,Poor customer service response,Yes,Timing,752.96,5.0,1,0.32194425322495823,0.0,3
ORD000039,2025-10-07,SMB,Express,Food & Beverage,1514.58,Bangalore,Dubai,Hazmat,GlobalTransit,2.0,3.0,Slightly-Delayed,Perfect,3.0,368.69,Bangalore-Dubai,3434.78,408.63,0.0,0.0,Light_Rain,139.87,116.48,47.52,34.4,23.77,36.39,29.85,,4.0,Unknown,Unknown,Unknown,428.28,1.0,1,0.1246892086247154,0.0,3
ORD000040,2025-09-07,Enterprise,Standard,Electronics,32.22,Kolkata,Hyderabad,Unknown,GlobalTransit,5.0,5.0,On-Time,Perfect,5.0,637.37,Kolkata-Hyderabad,1233.65,145.15,986.92,33.0,Unknown,217.42,186.59,74.26,49.85,58.98,56.13,61.65,2025-09-12,5.0,"Perfect condition, thank you",No,Quality,704.88,0.0,0,0.5713776192599197,0.55,2
ORD000041,2025-09-21,SMB,Express,Electronics,131.37,Bangalore,Bangkok,Unknown,ReliableExpress,1.0,2.0,Slightly-Delayed,Perfect,3.0,581.61,Bangalore-Bangkok,4410.45,533.55,0.0,0.0,Unknown,214.56,193.28,74.34,51.75,29.55,65.57,30.25,2025-09-24,3.0,"No complaints, smooth process",Yes,Timing,659.3,1.0,1,0.14948588012561076,0.0,3
ORD000042,2025-09-09,Enterprise,Standard,Home Goods,16.31,Mumbai,Bangkok,Fragile,ReliableExpress,4.0,4.0,On-Time,Perfect,4.0,588.56,Mumbai-Bangkok,4718.33,564.41,0.0,0.0,Unknown,228.94,205.52,67.51,35.62,51.95,53.04,54.9,,4.0,Unknown,Unknown,Unknown,697.48,0.0,0,0.1478234883952585,0.0,2
ORD000043,2025-10-09,SMB,Economy,Home Goods,8066.8,Delhi,Bangalore,Unknown,QuickShip,10.0,12.0,Slightly-Delayed,Wrong_Item,1.0,1045.15,Delhi-Bangalore,484.25,59.51,387.4,52.0,Unknown,324.29,274.45,155.68,87.47,96.51,97.17,87.61,,4.0,Unknown,Unknown,Unknown,1123.18,2.0,1,2.319421786267424,0.8666666666666667,1
ORD000044,2025-09-18,SMB,Express,Home Goods,7910.83,Bangalore,Singapore,Unknown,SpeedyLogistics,1.0,1.0,On-Time,Perfect,5.0,150.84,Bangalore-Singapore,2643.88,316.43,0.0,0.0,Light_Rain,54.22,46.81,20.23,11.88,10.78,13.73,13.34,2025-09-23,5.0,Driver was very professional,No,Other,170.99,0.0,0,0.06467388837617441,0.0,3
ORD000045,2025-09-04,Individual,Economy,Home Goods,1032.69,Kolkata,Pune,Hazmat,SpeedyLogistics,5.0,5.0,On-Time,Perfect,4.0,637.03,Kolkata-Pune,419.33,52.52,335.47,31.0,Unknown,205.52,203.36,71.14,51.77,55.65,56.54,33.76,,4.0,Unknown,Unknown,Unknown,677.7399999999999,0.0,0,1.616244962201607,0.5166666666666667,1
ORD000046,2025-09-25,Enterprise,Standard,Industrial,88.33,Mumbai,Singapore,Unknown,SpeedyLogistics,3.0,5.0,Slightly-Delayed,Perfect,3.0,681.84,Mumbai-Singapore,3757.59,452.16,0.0,0.0,Unknown,213.48,211.78,97.14,35.63,59.12,63.86,50.41,,4.0,Unknown,Unknown,Unknown,731.42,2.0,1,0.19465135898275224,0.0,2
ORD000047,2025-09-14,SMB,Express,Industrial,14542.31,Mumbai,Bangkok,Temperature_Controlled,QuickShip,1.0,1.0,On-Time,Perfect,4.0,166.22,Mumbai-Bangkok,4047.85,483.16,0.0,0.0,Light_Rain,65.31,47.07,20.49,8.42,8.99,15.02,8.54,,4.0,Unknown,Unknown,Unknown,173.84,0.0,0,0.04294625541954371,0.0,3
ORD000048,2025-10-20,Enterprise,Standard,Books,162.94,Delhi,Hyderabad,Unknown,EcoDeliver,3.0,3.0,On-Time,Perfect,5.0,598.64,Delhi-Hyderabad,1498.31,182.84,1198.65,21.0,Unknown,217.39,175.19,76.27,35.16,38.79,63.79,58.83,2025-10-25,5.0,Package arrived damaged,Yes,Service,665.42,0.0,0,0.4441137014369523,0.35,2
ORD000049,2025-09-09,Individual,Standard,Fashion,293.0,Delhi,Hong Kong,Unknown,GlobalTransit,5.0,5.0,On-Time,Major_Damage,3.0,452.68,Delhi-Hong Kong,2359.86,287.35,0.0,0.0,Light_Rain,138.09,153.48,58.33,35.4,33.96,37.47,24.67,2025-09-16,3.0,Driver was very professional,Yes,Unknown,481.3999999999999,0.0,0,0.20399515225479473,0.0,2
ORD000050,2025-09-26,Individual,Economy,Food & Beverage,512.5,Kolkata,Delhi,Unknown,SpeedyLogistics,5.0,5.0,On-Time,Wrong_Item,4.0,616.12,Kolkata-Delhi,782.46,90.48,625.97,33.0,Unknown,221.86,175.04,89.87,43.33,35.22,66.9,39.84,,4.0,Unknown,Unknown,Unknown,672.0600000000001,0.0,0,0.8589065255731922,0.55,1
ORD000051,2025-09-02,Enterprise,Economy,Food & Beverage,794.15,Delhi,Pune,Unknown,QuickShip,10.0,10.0,On-Time,Perfect,5.0,920.14,Delhi-Pune,1170.25,135.97,936.2,75.0,Unknown,324.39,294.25,133.43,82.45,77.12,98.63,89.53,,4.0,Unknown,Unknown,Unknown,1099.8,0.0,0,0.9397991882076479,1.25,1
ORD000052,2025-09-20,SMB,Economy,Home Goods,1059.66,Chennai,Hyderabad,Temperature_Controlled,ReliableExpress,7.0,8.0,Slightly-Delayed,Perfect,3.0,765.07,Chennai-Hyderabad,274.67,29.85,219.74,92.0,Unknown,252.15,191.35,86.91,46.59,63.57,80.6,60.96,2025-09-30,3.0,"Great service, very fast delivery!",Yes,Timing,782.1300000000001,1.0,1,2.847526122255798,1.5333333333333334,1
ORD000053,2025-09-28,Individual,Standard,Books,1125.45,Bangalore,Hyderabad,Temperature_Controlled,ReliableExpress,3.0,3.0,On-Time,Perfect,5.0,286.91,Bangalore-Hyderabad,569.49,70.41,455.59,86.0,Unknown,86.54,92.64,33.33,23.89,22.33,26.89,16.28,2025-10-04,5.0,Wrong item delivered,Yes,Timing,301.9,0.0,0,0.5301234437830339,1.4333333333333333,2
ORD000054,2025-10-17,SMB,Express,Healthcare,324.8,Bangalore,Mumbai,Unknown,EcoDeliver,2.0,3.0,Slightly-Delayed,Perfect,3.0,488.53,Bangalore-Mumbai,893.85,105.67,715.08,43.0,Light_Rain,151.17,162.75,71.29,40.3,26.95,46.94,42.23,,4.0,Unknown,Unknown,Unknown,541.63,1.0,1,0.6059517816188398,0.7166666666666667,3
ORD000055,2025-09-07,SMB,Economy,Fashion,1099.0,Hyderabad,Delhi,Fragile,GlobalTransit,7.0,12.0,Severely-Delayed,Perfect,3.0,919.83,Hyderabad-Delhi,637.66,72.54,510.13,64.0,Unknown,347.68,240.83,91.98,78.74,62.39,82.95,46.58,2025-09-22,3.0,Package arrived damaged,No,Timing,951.1500000000001,5.0,1,1.491625631214127,1.0666666666666667,1
ORD000056,2025-10-14,Enterprise,Economy,Books,303.74,Delhi,Singapore,Unknown,SpeedyLogistics,7.0,7.0,On-Time,Perfect,5.0,810.13,Delhi-Singapore,3694.95,447.06,0.0,0.0,Unknown,286.81,271.49,119.8,63.42,61.35,67.57,62.74,,4.0,Unknown,Unknown,Unknown,933.1799999999998,0.0,0,0.252555514959607,0.0,1
ORD000057,2025-09-08,Enterprise,Economy,Fashion,961.94,Kolkata,Bangalore,Unknown,EcoDeliver,10.0,10.0,On-Time,Perfect,5.0,761.7,Kolkata-Bangalore,1642.24,201.5,1313.79,82.0,Heavy_Rain,257.45,236.67,90.97,47.24,41.7,70.53,41.77,,4.0,Unknown,Unknown,Unknown,786.33,0.0,0,0.4788155202650039,1.3666666666666667,1
ORD000058,2025-10-17,Individual,Standard,Fashion,850.6,Delhi,Hong Kong,Unknown,ReliableExpress,4.0,4.0,On-Time,Incomplete,3.0,428.43,Delhi-Hong Kong,3131.95,380.48,0.0,0.0,Unknown,136.11,149.41,52.36,32.81,40.14,51.34,33.9,,4.0,Unknown,Unknown,Unknown,496.06999999999994,0.0,0,0.1583901403279107,0.0,2
ORD000059,2025-10-05,Individual,Standard,Fashion,1266.83,Delhi,Chennai,Unknown,GlobalTransit,3.0,7.0,Severely-Delayed,Perfect,1.0,749.94,Delhi-Chennai,1267.93,152.09,1014.35,32.0,Heavy_Rain,285.91,212.0,86.46,52.6,62.71,80.46,49.32,,4.0,Unknown,Unknown,Unknown,829.4600000000002,4.0,1,0.6541843792638395,0.5333333333333333,2
ORD000060,2025-09-14,SMB,Economy,Books,1050.42,Pune,Singapore,Unknown,ReliableExpress,5.0,5.0,On-Time,Perfect,5.0,515.07,Pune-Singapore,4532.75,545.69,0.0,0.0,Unknown,161.38,161.34,54.81,40.65,43.61,55.64,45.16,2025-09-20,5.0,Package arrived damaged,Yes,Unknown,562.59,0.0,0,0.12411670619381171,0.0,1
ORD000061,2025-09-17,SMB,Standard,Home Goods,207.75,Mumbai,Singapore,Fragile,ReliableExpress,4.0,4.0,On-Time,Perfect,5.0,558.44,Mumbai-Singapore,2762.69,335.28,0.0,0.0,Unknown,216.28,167.53,76.23,45.21,33.13,45.25,35.87,,4.0,Unknown,Unknown,Unknown,619.5,0.0,0,0.22423797096308307,0.0,2
ORD000062,2025-10-06,SMB,Economy,Food & Beverage,802.77,Mumbai,Bangalore,Unknown,QuickShip,5.0,5.0,On-Time,Perfect,4.0,608.58,Mumbai-Bangalore,573.35,65.1,458.68,67.0,Light_Rain,209.54,189.7,86.72,36.4,34.25,72.14,33.72,2025-10-14,4.0,Late delivery but good quality,Yes,Quality,662.47,0.0,0,1.1554373419377344,1.1166666666666667,1
ORD000063,2025-10-20,Individual,Economy,Food & Beverage,1075.03,Kolkata,Singapore,Unknown,ReliableExpress,7.0,9.0,Slightly-Delayed,Perfect,3.0,905.22,Kolkata-Singapore,2894.16,343.35,0.0,0.0,Light_Rain,314.88,279.31,115.03,49.15,47.84,76.24,71.77,2025-10-30,3.0,"Great service, very fast delivery!",Yes,Service,954.22,2.0,1,0.3297053376454654,0.0,1
ORD000064,2025-10-10,Individual,Standard,Home Goods,58.17,Mumbai,Bangkok,Unknown,GlobalTransit,4.0,5.0,Slightly-Delayed,Perfect,3.0,589.48,Mumbai-Bangkok,3932.45,467.38,0.0,0.0,Unknown,208.93,161.15,77.75,53.64,30.7,58.9,49.79,,4.0,Unknown,Unknown,Unknown,640.86,1.0,1,0.16296710701979683,0.0,2
ORD000065,2025-09-04,Individual,Economy,Fashion,267.45,Hyderabad,Mumbai,Unknown,QuickShip,7.0,7.0,On-Time,Perfect,5.0,650.86,Hyderabad-Mumbai,1726.56,207.19,1381.25,40.0,Unknown,211.68,182.75,85.06,61.76,58.9,67.25,56.31,,4.0,Unknown,Unknown,Unknown,723.71,0.0,0,0.41916295987396907,0.6666666666666666,1
ORD000066,2025-09-02,Individual,Economy,Healthcare,1004.43,Delhi,Pune,Fragile,QuickShip,7.0,12.0,Severely-Delayed,Perfect,3.0,755.55,Delhi-Pune,288.66,35.98,230.93,98.0,Unknown,254.23,237.32,93.17,44.95,64.29,77.26,51.33,2025-09-18,3.0,Late delivery but good quality,Yes,Quality,822.55,5.0,1,2.849546178895586,1.6333333333333333,1
ORD000067,2025-09-06,SMB,Express,Electronics,5239.28,Pune,Singapore,Unknown,ReliableExpress,1.0,1.0,On-Time,Perfect,5.0,196.3,Pune-Singapore,2157.07,261.52,0.0,0.0,Unknown,76.78,49.49,22.73,10.37,17.34,21.22,13.07,2025-09-07,5.0,"Delayed by 3 days, not acceptable",Yes,Unknown,211.0,0.0,0,0.09781787331890017,0.0,3
ORD000068,2025-10-12,Enterprise,Economy,Books,1390.4,Kolkata,Bangalore,Unknown,ReliableExpress,7.0,7.0,On-Time,Perfect,4.0,511.73,Kolkata-Bangalore,1497.71,183.23,1198.16,15.0,Unknown,188.09,148.19,70.52,37.21,36.14,60.07,32.01,,4.0,Unknown,Unknown,Unknown,572.2299999999999,0.0,0,0.3820699601391457,0.25,1
ORD000069,2025-09-04,Enterprise,Standard,Electronics,5759.28,Chennai,Singapore,Unknown,ReliableExpress,3.0,4.0,Slightly-Delayed,Perfect,3.0,368.74,Chennai-Singapore,4609.29,555.42,0.0,0.0,Unknown,115.06,113.74,54.75,25.4,19.58,34.5,27.76,,4.0,Unknown,Unknown,Unknown,390.78999999999996,1.0,1,0.08478312278029804,0.0,2
ORD000070,2025-09-29,Individual,Economy,Home Goods,221.95,Pune,Mumbai,Unknown,SpeedyLogistics,10.0,15.0,Severely-Delayed,Perfect,1.0,1105.15,Pune-Mumbai,1453.61,176.97,1162.89,108.0,Unknown,349.44,349.02,165.65,80.22,74.86,106.13,61.62,,4.0,Unknown,Unknown,Unknown,1186.94,5.0,1,0.8165463913979679,1.8,1
ORD000071,2025-09-18,SMB,Standard,Healthcare,587.15,Delhi,Bangkok,Unknown,ReliableExpress,5.0,5.0,On-Time,Perfect,5.0,646.39,Delhi-Bangkok,2409.8,290.69,0.0,0.0,Light_Rain,251.01,188.41,77.16,53.64,46.61,68.47,34.31,,4.0,Unknown,Unknown,Unknown,719.6099999999999,0.0,0,0.2986181425844468,0.0,2
ORD000072,2025-09-26,Enterprise,Economy,Books,1351.0,Pune,Bangkok,Unknown,ReliableExpress,5.0,9.0,Severely-Delayed,Perfect,1.0,762.0,Pune-Bangkok,2946.88,355.07,0.0,0.0,Unknown,290.61,262.17,100.92,74.47,43.87,75.51,61.03,,4.0,Unknown,Unknown,Unknown,908.5799999999999,4.0,1,0.30831930719947875,0.0,1
ORD000073,2025-10-14,Enterprise,Standard,Home Goods,12.31,Mumbai,Dubai,Fragile,ReliableExpress,3.0,8.0,Severely-Delayed,Perfect,2.0,831.61,Mumbai-Dubai,4139.62,493.75,0.0,0.0,Heavy_Rain,297.86,241.29,97.22,46.85,57.87,71.94,72.12,2025-10-25,2.0,Excellent packaging,Yes,Unknown,885.15,5.0,1,0.21382397418120505,0.0,2
ORD000074,2025-10-04,SMB,Express,Fashion,3890.16,Bangalore,Bangkok,Temperature_Controlled,ReliableExpress,2.0,2.0,On-Time,Perfect,5.0,596.51,Bangalore-Bangkok,2862.23,342.15,0.0,0.0,Unknown,191.41,152.62,76.13,47.58,55.83,61.49,40.13,,4.0,Unknown,Unknown,Unknown,625.1899999999999,0.0,0,0.21842758967658082,0.0,3
ORD000075,2025-09-10,Enterprise,Economy,Food & Beverage,24.75,Delhi,Dubai,Unknown,ReliableExpress,10.0,15.0,Severely-Delayed,Perfect,3.0,1178.01,Delhi-Dubai,2334.54,280.3,0.0,0.0,Unknown,448.0,358.15,122.47,92.23,112.38,112.92,76.35,,4.0,Unknown,Unknown,Unknown,1322.5,5.0,1,0.5664927566030139,0.0,1
ORD000076,2025-10-06,Enterprise,Express,Electronics,1799.76,Bangalore,Hyderabad,Unknown,QuickShip,2.0,2.0,On-Time,Perfect,5.0,477.95,Bangalore-Hyderabad,1520.32,177.58,1216.25,36.0,Heavy_Rain,150.24,126.73,58.14,38.13,25.82,56.2,41.94,2025-10-10,5.0,Package arrived damaged,Yes,Unknown,497.2,0.0,0,0.32703641338665546,0.6,3
ORD000077,2025-09-14,SMB,Standard,Industrial,1130.31,Mumbai,Hong Kong,Unknown,QuickShip,3.0,3.0,On-Time,Perfect,5.0,463.0,Mumbai-Hong Kong,4514.8,543.87,0.0,0.0,Heavy_Rain,166.06,154.11,48.16,34.19,37.74,52.39,41.29,2025-09-20,5.0,Package arrived damaged,Yes,Unknown,533.94,0.0,0,0.11826437494462656,0.0,2
ORD000078,2025-10-01,SMB,Economy,Industrial,12.07,Hyderabad,Chennai,Unknown,SpeedyLogistics,7.0,7.0,On-Time,Perfect,5.0,629.54,Hyderabad-Chennai,153.42,20.77,122.73,101.0,Unknown,206.3,216.62,66.87,59.02,62.04,54.82,54.21,2025-10-12,5.0,"Perfect condition, thank you",No,Quality,719.8800000000001,0.0,0,4.692217442315214,1.6833333333333333,1
ORD000079,2025-10-18,SMB,Economy,Healthcare,13.02,Hyderabad,Bangkok,Unknown,GlobalTransit,7.0,8.0,Slightly-Delayed,Wrong_Item,2.0,533.76,Hyderabad-Bangkok,3785.4,449.35,0.0,0.0,Unknown,162.28,155.08,67.15,42.18,51.67,57.05,39.53,,4.0,Unknown,Unknown,Unknown,574.9399999999999,1.0,1,0.15188355259681935,0.0,1
ORD000080,2025-09-15,Enterprise,Standard,Fashion,3458.96,Pune,Hyderabad,Unknown,QuickShip,3.0,3.0,On-Time,Perfect,5.0,409.75,Pune-Hyderabad,1737.95,208.74,1390.36,101.0,Light_Rain,156.1,141.39,41.43,40.62,22.25,46.13,26.23,2025-09-20,5.0,Late delivery but good quality,Yes,Unknown,474.15000000000003,0.0,0,0.27282142754394545,1.6833333333333333,2
ORD000081,2025-09-08,Individual,Standard,Electronics,2495.1,Mumbai,Ahmedabad,Unknown,ReliableExpress,5.0,7.0,Slightly-Delayed,Perfect,3.0,814.05,Mumbai-Ahmedabad,873.36,102.48,698.69,80.0,Unknown,254.98,239.32,107.62,56.21,42.92,84.64,77.43,,4.0,Unknown,Unknown,Unknown,863.1199999999999,2.0,1,0.9882751671704679,1.3333333333333333,2
ORD000082,2025-09-14,Enterprise,Standard,Fashion,107.63,Chennai,Hyderabad,Unknown,SpeedyLogistics,5.0,6.0,Slightly-Delayed,Perfect,3.0,723.21,Chennai-Hyderabad,1759.22,207.36,1407.38,52.0,Unknown,244.68,196.45,88.32,37.91,65.83,81.76,57.42,2025-09-23,3.0,"Perfect condition, thank you",Yes,Quality,772.37,1.0,1,0.43904116597128273,0.8666666666666667,2
ORD000083,2025-09-23,SMB,Standard,Electronics,107.47,Bangalore,Bangkok,Unknown,SpeedyLogistics,5.0,10.0,Severely-Delayed,Perfect,2.0,686.42,Bangalore-Bangkok,3147.74,376.41,0.0,0.0,Unknown,230.16,226.5,87.68,62.67,55.99,76.45,54.86,2025-10-04,2.0,Excellent packaging,Yes,Timing,794.31,5.0,1,0.25234295081550573,0.0,2
ORD000084,2025-10-10,Individual,Standard,Healthcare,870.36,Delhi,Hong Kong,Unknown,ReliableExpress,4.0,4.0,On-Time,Perfect,5.0,486.64,Delhi-Hong Kong,3306.52,395.1,0.0,0.0,Unknown,166.15,168.28,61.83,39.06,29.7,51.11,38.24,2025-10-15,5.0,Late delivery but good quality,Yes,Unknown,554.37,0.0,0,0.16765965425885826,0.0,2
ORD000085,2025-09-21,SMB,Standard,Healthcare,395.79,Delhi,Dubai,Unknown,SpeedyLogistics,4.0,7.0,Severely-Delayed,Perfect,1.0,776.69,Delhi-Dubai,4217.08,503.28,0.0,0.0,Unknown,247.36,198.8,101.14,68.49,59.16,69.18,64.72,2025-10-01,1.0,Excellent packaging,Yes,Unknown,808.8500000000001,3.0,1,0.1918033331120112,0.0,2
ORD000086,2025-09-16,Individual,Economy,Industrial,1961.75,Delhi,Chennai,Unknown,SpeedyLogistics,7.0,10.0,Severely-Delayed,Perfect,1.0,626.95,Delhi-Chennai,1070.1,129.09,856.08,116.0,Unknown,193.11,184.44,67.82,37.13,37.69,59.85,32.95,2025-09-26,1.0,Excellent packaging,Yes,Unknown,612.9900000000001,3.0,1,0.5728343145500422,1.9333333333333333,1
ORD000087,2025-10-15,SMB,Economy,Fashion,828.3,Chennai,Ahmedabad,Unknown,SpeedyLogistics,10.0,10.0,On-Time,Perfect,4.0,754.96,Chennai-Ahmedabad,1756.13,214.21,1404.9,72.0,Unknown,256.52,227.37,93.74,52.2,69.42,64.79,56.84,2025-10-29,4.0,"No complaints, smooth process",Yes,Timing,820.88,0.0,0,0.4674369209568767,1.2,1
ORD000088,2025-09-18,SMB,Economy,Books,4335.3,Bangalore,Hong Kong,Fragile,SpeedyLogistics,5.0,5.0,On-Time,Perfect,4.0,690.74,Bangalore-Hong Kong,4489.29,539.78,0.0,0.0,Unknown,211.51,177.6,88.89,54.09,64.86,70.67,67.69,,4.0,Unknown,Unknown,Unknown,735.31,0.0,0,0.1637920472947838,0.0,1
ORD000089,2025-10-17,Enterprise,Express,Industrial,1728.69,Bangalore,Hong Kong,Unknown,SpeedyLogistics,1.0,2.0,Slightly-Delayed,Perfect,3.0,361.56,Bangalore-Hong Kong,2621.28,311.08,0.0,0.0,Heavy_Rain,110.23,93.93,36.95,21.43,27.86,38.26,18.9,,4.0,Unknown,Unknown,Unknown,347.56,1.0,1,0.13259171091985594,0.0,3
ORD000090,2025-09-24,SMB,Standard,Fashion,1189.35,Mumbai,Bangkok,Hazmat,GlobalTransit,4.0,5.0,Slightly-Delayed,Perfect,3.0,381.05,Mumbai-Bangkok,4130.41,500.02,0.0,0.0,Unknown,150.36,127.35,43.76,20.52,22.29,32.42,21.4,2025-10-03,3.0,"Great service, very fast delivery!",No,Service,418.1,1.0,1,0.10122481787522306,0.0,2
ORD000091,2025-09-26,Enterprise,Express,Industrial,237.89,Mumbai,Hyderabad,Unknown,GlobalTransit,1.0,5.0,Severely-Delayed,Perfect,1.0,567.01,Mumbai-Hyderabad,904.78,104.17,723.83,43.0,Unknown,199.51,155.69,66.85,56.4,47.75,66.88,32.39,2025-10-05,1.0,Package arrived damaged,Yes,Timing,625.4699999999999,4.0,1,0.6912951214659917,0.7166666666666667,3
ORD000092,2025-09-25,Enterprise,Standard,Books,213.15,Mumbai,Ahmedabad,Fragile,EcoDeliver,5.0,5.0,On-Time,Major_Damage,4.0,694.7,Mumbai-Ahmedabad,1728.24,211.82,1382.59,4.0,Unknown,234.96,212.21,72.14,34.88,58.02,73.41,49.0,2025-10-02,4.0,Excellent packaging,Yes,Quality,734.62,0.0,0,0.4250682775540434,0.06666666666666667,2
ORD000093,2025-10-15,Individual,Standard,Food & Beverage,373.29,Ahmedabad,Delhi,Unknown,QuickShip,4.0,8.0,Severely-Delayed,Perfect,1.0,736.11,Ahmedabad-Delhi,1206.63,146.24,965.3,31.0,Unknown,256.88,214.61,74.49,49.15,43.32,61.79,72.02,2025-10-26,1.0,"No complaints, smooth process",Yes,Service,772.26,4.0,1,0.6400139230750105,0.5166666666666667,2
ORD000094,2025-10-11,SMB,Economy,Food & Beverage,6383.13,Mumbai,Kolkata,Fragile,ReliableExpress,10.0,11.0,Slightly-Delayed,Perfect,3.0,740.51,Mumbai-Kolkata,721.66,83.85,577.33,107.0,Unknown,266.54,239.09,85.73,51.58,45.8,62.11,43.65,,4.0,Unknown,Unknown,Unknown,794.5,1.0,1,1.100933957819472,1.7833333333333334,1
ORD000095,2025-09-29,Individual,Standard,Food & Beverage,219.33,Mumbai,Bangalore,Fragile,SpeedyLogistics,3.0,3.0,On-Time,Perfect,5.0,403.7,Mumbai-Bangalore,1623.33,198.27,1298.66,44.0,Unknown,153.31,128.28,51.41,29.77,38.8,33.47,25.85,,4.0,Unknown,Unknown,Unknown,460.89,0.0,0,0.28391639407883795,0.7333333333333333,2
ORD000096,2025-09-15,SMB,Express,Food & Beverage,596.33,Delhi,Ahmedabad,Unknown,SpeedyLogistics,2.0,2.0,On-Time,Perfect,5.0,380.05,Delhi-Ahmedabad,1768.81,212.53,1415.05,67.0,Unknown,127.31,124.75,56.87,23.58,35.62,43.03,23.27,2025-09-21,5.0,"No complaints, smooth process",Yes,Service,434.42999999999995,0.0,0,0.24560580277135474,1.1166666666666667,3
ORD000097,2025-10-15,Individual,Express,Home Goods,13.91,Kolkata,Delhi,Unknown,ReliableExpress,1.0,2.0,Slightly-Delayed,Perfect,3.0,431.71,Kolkata-Delhi,1246.02,147.12,996.82,48.0,Heavy_Rain,146.75,125.61,64.29,25.49,38.84,40.31,37.36,2025-10-20,3.0,Excellent packaging,No,Quality,478.65000000000003,1.0,1,0.3841431116675495,0.8,3
ORD000098,2025-09-01,SMB,Economy,Electronics,1111.77,Ahmedabad,Bangkok,Unknown,SpeedyLogistics,5.0,9.0,Severely-Delayed,Perfect,3.0,853.74,Ahmedabad-Bangkok,3012.02,363.69,0.0,0.0,Unknown,291.98,262.81,120.92,77.01,79.67,70.34,72.23,2025-09-13,3.0,Driver was very professional,Yes,Unknown,974.9599999999999,4.0,1,0.3236897497360575,0.0,1
ORD000099,2025-09-25,SMB,Standard,Home Goods,11917.91,Kolkata,Mumbai,Unknown,QuickShip,4.0,5.0,Slightly-Delayed,Perfect,4.0,389.55,Kolkata-Mumbai,203.07,26.27,162.46,25.0,Unknown,122.32,113.59,49.64,27.32,29.6,46.69,22.11,2025-10-01,4.0,Wrong item delivered,Yes,Timing,411.27000000000004,1.0,1,2.0252622248485745,0.4166666666666667,2
ORD000100,2025-09-07,SMB,Express,Home Goods,99.44,Chennai,Dubai,Unknown,QuickShip,2.0,2.0,On-Time,Perfect,5.0,555.86,Chennai-Dubai,2023.52,244.13,0.0,0.0,Unknown,204.3,160.98,59.28,32.2,54.18,64.03,53.0,2025-09-09,5.0,Wrong item delivered,Yes,Quality,627.9699999999999,0.0,0,0.3103354550486281,0.0,3
ORD000101,2025-09-09,Enterprise,Express,Home Goods,47177.07,Bangalore,Mumbai,Unknown,QuickShip,2.0,2.0,On-Time,Perfect,5.0,204.92,Bangalore-Mumbai,328.27,43.97,262.61,26.0,Light_Rain,81.79,55.5,24.13,17.1,15.2,19.82,13.91,2025-09-13,5.0,"Great service, very fast delivery!",Yes,Timing,227.45,0.0,0,0.6928747677216925,0.43333333333333335,3
ORD000102,2025-09-24,Individual,Economy,Food & Beverage,530.26,Mumbai,Singapore,Unknown,SpeedyLogistics,5.0,7.0,Slightly-Delayed,Perfect,4.0,598.02,Mumbai-Singapore,3062.8,372.03,0.0,0.0,Fog,214.92,183.93,64.63,44.01,46.45,61.48,36.18,2025-10-04,4.0,"No complaints, smooth process",Yes,Unknown,651.6,2.0,1,0.21274650646467283,0.0,1
ORD000103,2025-09-01,Enterprise,Express,Books,8.5,Pune,Delhi,Unknown,GlobalTransit,1.0,2.0,Slightly-Delayed,Perfect,3.0,210.97,Pune-Delhi,1155.54,142.95,924.44,61.0,Unknown,78.95,53.27,24.84,18.78,16.5,19.08,17.88,2025-09-06,3.0,Excellent packaging,Yes,Quality,229.3,1.0,1,0.19843536355297092,1.0166666666666666,3
ORD000104,2025-10-14,Enterprise,Economy,Healthcare,226.26,Kolkata,Singapore,Fragile,QuickShip,5.0,5.0,On-Time,Perfect,5.0,507.19,Kolkata-Singapore,3639.73,436.1,0.0,0.0,Unknown,180.93,167.18,69.36,40.83,37.74,43.28,31.99,,4.0,Unknown,Unknown,Unknown,571.3100000000001,0.0,0,0.1569649397070662,0.0,1
ORD000105,2025-09-08,SMB,Economy,Healthcare,2968.04,Chennai,Bangalore,Unknown,SpeedyLogistics,10.0,10.0,On-Time,Perfect,5.0,810.33,Chennai-Bangalore,381.77,45.27,305.42,43.0,Heavy_Rain,277.06,251.15,101.85,52.19,40.78,80.91,52.09,,4.0,Unknown,Unknown,Unknown,856.03,0.0,0,2.2422662859837077,0.7166666666666667,1
ORD000106,2025-09-24,Enterprise,Express,Electronics,8094.79,Kolkata,Pune,Hazmat,ReliableExpress,1.0,4.0,Severely-Delayed,Perfect,1.0,504.67,Kolkata-Pune,1246.39,145.94,997.11,74.0,Light_Rain,188.47,127.38,65.22,48.99,29.63,49.89,27.54,2025-10-01,1.0,"Great service, very fast delivery!",Yes,Unknown,537.12,3.0,1,0.4309405563266714,1.2333333333333334,3
ORD000107,2025-09-11,Individual,Express,Food & Beverage,1184.59,Kolkata,Bangalore,Unknown,ReliableExpress,1.0,1.0,On-Time,Perfect,5.0,216.25,Kolkata-Bangalore,1551.43,183.59,1241.15,69.0,Unknown,78.41,65.97,26.03,16.45,20.51,19.0,11.06,2025-09-12,5.0,Late delivery but good quality,Yes,Service,237.42999999999998,0.0,0,0.15303945392315474,1.15,3
ORD000108,2025-09-17,Individual,Economy,Food & Beverage,4236.07,Chennai,Ahmedabad,Unknown,EcoDeliver,10.0,10.0,On-Time,Perfect,4.0,858.3,Chennai-Ahmedabad,1182.12,141.84,945.69,55.0,Light_Rain,331.45,264.11,124.05,68.53,77.68,83.42,75.1,2025-09-29,4.0,Poor customer service response,No,Timing,1024.34,0.0,0,0.8665279328663756,0.9166666666666666,1
ORD000109,2025-09-08,Individual,Standard,Food & Beverage,68.95,Ahmedabad,Hong Kong,Unknown,SpeedyLogistics,3.0,3.0,On-Time,Perfect,5.0,267.91,Ahmedabad-Hong Kong,4943.43,593.91,0.0,0.0,Unknown,104.83,82.31,29.21,17.0,16.06,24.08,17.5,2025-09-14,5.0,"No complaints, smooth process",Yes,Timing,290.99,0.0,0,0.05886398715062214,0.0,2
ORD000110,2025-10-05,SMB,Standard,Industrial,145.42,Pune,Dubai,Unknown,ReliableExpress,5.0,10.0,Severely-Delayed,Perfect,2.0,904.76,Pune-Dubai,3310.99,398.25,0.0,0.0,Unknown,321.65,279.39,109.77,73.08,48.93,75.56,53.01,,4.0,Unknown,Unknown,Unknown,961.3899999999999,5.0,1,0.2903633052349901,0.0,2
ORD000111,2025-10-05,Enterprise,Economy,Fashion,32.49,Chennai,Delhi,Fragile,QuickShip,10.0,10.0,On-Time,Perfect,5.0,978.66,Chennai-Delhi,1157.98,143.77,926.39,3.0,Light_Rain,344.3,265.61,111.73,68.52,88.66,78.84,80.71,2025-10-19,5.0,Package arrived damaged,Yes,Quality,1038.3700000000001,0.0,0,0.8967080605882659,0.05,1
ORD000112,2025-10-03,Individual,Economy,Industrial,162.78,Chennai,Hyderabad,Unknown,GlobalTransit,10.0,10.0,On-Time,Perfect,4.0,735.91,Chennai-Hyderabad,1344.61,159.9,1075.69,16.0,Fog,270.0,242.75,107.91,37.54,42.45,84.96,53.67,2025-10-17,4.0,Driver was very professional,Yes,Timing,839.28,0.0,0,0.6241809892831379,0.26666666666666666,1
ORD000113,2025-09-05,SMB,Economy,Fashion,1265.06,Mumbai,Pune,Fragile,SpeedyLogistics,10.0,15.0,Severely-Delayed,Perfect,1.0,1056.9,Mumbai-Pune,986.48,123.15,789.19,118.0,Unknown,376.74,334.3,141.58,102.08,105.53,115.0,68.02,2025-09-20,1.0,"Perfect condition, thank you",Yes,Timing,1243.25,5.0,1,1.260289108750304,1.9666666666666666,1
ORD000114,2025-10-12,Individual,Economy,Food & Beverage,555.01,Chennai,Kolkata,Unknown,ReliableExpress,7.0,7.0,On-Time,Perfect,5.0,601.56,Chennai-Kolkata,1552.18,188.99,1241.74,99.0,Unknown,233.39,153.35,67.11,57.07,37.78,53.43,34.23,2025-10-22,5.0,"Great service, very fast delivery!",No,Service,636.36,0.0,0,0.4099782241750312,1.65,1
ORD000115,2025-10-09,Individual,Standard,Food & Beverage,1482.93,Mumbai,Kolkata,Unknown,SpeedyLogistics,3.0,3.0,On-Time,Perfect,5.0,252.68,Mumbai-Kolkata,1189.05,144.35,951.24,58.0,Fog,97.51,75.81,33.79,15.65,22.21,27.9,16.58,,4.0,Unknown,Unknown,Unknown,289.45,0.0,0,0.24342962869517681,0.9666666666666667,2
ORD000116,2025-10-11,Individual,Express,Industrial,99.01,Bangalore,Kolkata,Unknown,GlobalTransit,2.0,2.0,On-Time,Minor_Damage,4.0,354.35,Bangalore-Kolkata,1398.08,171.32,1118.47,43.0,Unknown,120.86,96.02,52.74,29.16,34.28,32.65,31.57,,4.0,Unknown,Unknown,Unknown,397.28000000000003,0.0,0,0.28416113527122916,0.7166666666666667,3
ORD000117,2025-09-28,Enterprise,Economy,Industrial,108.5,Ahmedabad,Delhi,Unknown,SpeedyLogistics,5.0,5.0,On-Time,Perfect,4.0,666.69,Ahmedabad-Delhi,115.37,12.41,92.29,27.0,Unknown,251.07,212.78,98.86,46.45,37.69,71.25,57.65,,4.0,Unknown,Unknown,Unknown,775.7500000000001,0.0,0,6.7240183756609175,0.45,1
ORD000118,2025-09-07,SMB,Standard,Fashion,548.35,Bangalore,Kolkata,Unknown,ReliableExpress,4.0,4.0,On-Time,Perfect,5.0,538.4,Bangalore-Kolkata,1178.42,138.63,942.73,103.0,Light_Rain,192.48,145.74,67.42,35.32,38.43,56.97,46.98,2025-09-14,5.0,"Great service, very fast delivery!",No,Service,583.34,0.0,0,0.4950187539247467,1.7166666666666666,2
ORD000119,2025-09-09,Individual,Standard,Healthcare,163.37,Bangalore,Bangkok,Unknown,ReliableExpress,3.0,7.0,Severely-Delayed,Perfect,1.0,490.5,Bangalore-Bangkok,4186.58,498.34,0.0,0.0,Unknown,158.54,142.51,55.65,29.4,43.74,57.08,33.6,2025-09-18,1.0,"Great service, very fast delivery!",Yes,Unknown,520.5199999999999,4.0,1,0.12433059920030189,0.0,2
ORD000120,2025-09-08,SMB,Economy,Fashion,2843.45,Delhi,Mumbai,Unknown,ReliableExpress,5.0,5.0,On-Time,Perfect,5.0,688.86,Delhi-Mumbai,149.59,17.76,119.67,12.0,Unknown,258.41,234.01,98.03,40.74,67.38,65.49,46.13,2025-09-15,5.0,"Great service, very fast delivery!",Yes,Timing,810.19,0.0,0,5.416070592954075,0.2,1
ORD000121,2025-09-12,Enterprise,Express,Industrial,157.41,Mumbai,Pune,Unknown,GlobalTransit,1.0,1.0,On-Time,Perfect,4.0,362.43,Mumbai-Pune,1632.35,192.42,1305.88,118.0,Heavy_Rain,110.99,108.23,38.22,22.63,23.86,40.72,33.99,,4.0,Unknown,Unknown,Unknown,378.64,0.0,0,0.23196005758568936,1.9666666666666666,3
ORD000122,2025-10-04,SMB,Standard,Books,191.89,Kolkata,Mumbai,Unknown,SpeedyLogistics,3.0,3.0,On-Time,Perfect,5.0,586.69,Kolkata-Mumbai,1788.53,210.07,1430.83,92.0,Unknown,193.75,197.05,83.82,51.77,33.64,63.14,57.06,,4.0,Unknown,Unknown,Unknown,680.23,0.0,0,0.38032909707972473,1.5333333333333334,2
ORD000123,2025-10-03,Individual,Express,Industrial,756.16,Mumbai,Hong Kong,Unknown,QuickShip,2.0,2.0,On-Time,Minor_Damage,3.0,432.09,Mumbai-Hong Kong,3906.33,464.67,0.0,0.0,Unknown,159.12,122.35,54.02,35.56,32.64,36.64,28.35,,4.0,Unknown,Unknown,Unknown,468.68,0.0,0,0.1199796228173247,0.0,3
ORD000124,2025-10-18,SMB,Standard,Books,224.99,Mumbai,Pune,Unknown,QuickShip,5.0,5.0,On-Time,Perfect,5.0,573.88,Mumbai-Pune,198.09,23.22,158.48,89.0,Unknown,218.21,192.91,61.33,56.02,38.13,61.11,50.27,2025-10-27,5.0,"Delayed by 3 days, not acceptable",Yes,Quality,677.98,0.0,0,3.4225856933717,1.4833333333333334,2
ORD000125,2025-09-23,SMB,Express,Electronics,63.28,Delhi,Mumbai,Unknown,SpeedyLogistics,2.0,3.0,Slightly-Delayed,Perfect,3.0,292.1,Delhi-Mumbai,1438.83,170.17,1151.07,83.0,Unknown,111.35,100.65,33.78,27.14,16.53,31.61,25.44,2025-09-28,3.0,Late delivery but good quality,Yes,Other,346.50000000000006,1.0,1,0.24082066679176836,1.3833333333333333,3
ORD000126,2025-09-24,Enterprise,Express,Industrial,77.55,Kolkata,Pune,Unknown,ReliableExpress,1.0,2.0,Slightly-Delayed,Perfect,3.0,266.94,Kolkata-Pune,806.53,100.26,645.22,0.0,Unknown,98.17,73.47,38.35,15.6,14.06,29.02,19.69,,4.0,Unknown,Unknown,Unknown,288.35999999999996,1.0,1,0.35753164792382175,0.0,3
ORD000127,2025-10-07,SMB,Express,Electronics,903.84,Kolkata,Hong Kong,Unknown,EcoDeliver,2.0,2.0,On-Time,Perfect,5.0,588.81,Kolkata-Hong Kong,4754.72,566.58,0.0,0.0,Unknown,226.64,169.78,63.84,54.07,45.6,51.56,50.65,,4.0,Unknown,Unknown,Unknown,662.14,0.0,0,0.13925951475586365,0.0,3
ORD000128,2025-10-05,Individual,Standard,Healthcare,52.56,Mumbai,Singapore,Unknown,ReliableExpress,3.0,4.0,Slightly-Delayed,Perfect,3.0,391.39,Mumbai-Singapore,2662.56,314.9,0.0,0.0,Unknown,137.42,121.5,48.16,35.79,35.8,42.42,21.63,2025-10-09,3.0,Wrong item delivered,Yes,Unknown,442.71999999999997,1.0,1,0.1662760651403161,0.0,2
ORD000129,2025-10-14,Enterprise,Economy,Fashion,3280.49,Bangalore,Bangkok,Unknown,ReliableExpress,5.0,7.0,Slightly-Delayed,Perfect,3.0,840.98,Bangalore-Bangkok,2525.67,306.75,0.0,0.0,Unknown,322.84,266.68,113.41,57.31,79.02,91.68,46.78,,4.0,Unknown,Unknown,Unknown,977.72,2.0,1,0.38711312245859514,0.0,1
ORD000130,2025-10-10,SMB,Standard,Books,143.22,Bangalore,Delhi,Unknown,EcoDeliver,5.0,5.0,On-Time,Perfect,5.0,562.77,Bangalore-Delhi,1715.78,206.71,1372.62,10.0,Unknown,191.78,190.58,57.61,55.19,47.25,59.23,35.75,,4.0,Unknown,Unknown,Unknown,637.3900000000001,0.0,0,0.37148702048048127,0.16666666666666666,2
ORD000131,2025-09-22,Individual,Economy,Fashion,1016.71,Chennai,Delhi,Temperature_Controlled,SpeedyLogistics,5.0,5.0,On-Time,Perfect,5.0,404.32,Chennai-Delhi,826.75,97.47,661.4,114.0,Unknown,131.36,139.17,46.46,35.89,28.16,34.6,20.43,,4.0,Unknown,Unknown,Unknown,436.07,0.0,0,0.5274508618082855,1.9,1
ORD000132,2025-09-27,Individual,Standard,Electronics,156.71,Chennai,Kolkata,Unknown,QuickShip,5.0,6.0,Slightly-Delayed,Perfect,4.0,439.72,Chennai-Kolkata,700.19,87.96,560.15,70.0,Light_Rain,155.85,152.84,52.09,29.84,29.55,44.33,31.67,,4.0,Unknown,Unknown,Unknown,496.16999999999996,1.0,1,0.7086219454719432,1.1666666666666667,2
ORD000133,2025-10-05,SMB,Standard,Books,102.22,Delhi,Bangkok,Unknown,EcoDeliver,5.0,5.0,On-Time,Wrong_Item,4.0,433.55,Delhi-Bangkok,3202.83,386.97,0.0,0.0,Light_Rain,168.21,130.3,54.36,24.68,42.98,39.02,23.27,2025-10-12,4.0,"Perfect condition, thank you",No,Unknown,482.82,0.0,0,0.15074793229737452,0.0,2
ORD000134,2025-09-01,Individual,Economy,Fashion,583.56,Bangalore,Chennai,Unknown,SpeedyLogistics,5.0,6.0,Slightly-Delayed,Perfect,3.0,770.25,Bangalore-Chennai,1611.11,193.78,1288.89,108.0,Unknown,282.15,238.42,93.01,54.77,68.75,67.65,70.1,,4.0,Unknown,Unknown,Unknown,874.8499999999999,1.0,1,0.5430107193177375,1.8,1
ORD000135,2025-10-05,SMB,Standard,Industrial,1954.08,Bangalore,Kolkata,Unknown,ReliableExpress,3.0,6.0,Severely-Delayed,Perfect,1.0,565.66,Bangalore-Kolkata,416.43,48.29,333.14,102.0,Unknown,206.4,165.11,69.52,35.54,49.56,56.86,37.36,,4.0,Unknown,Unknown,Unknown,620.35,3.0,1,1.489686141728502,1.7,2
ORD000136,2025-10-07,Enterprise,Economy,Food & Beverage,278.37,Hyderabad,Ahmedabad,Unknown,QuickShip,5.0,10.0,Severely-Delayed,Perfect,1.0,758.17,Hyderabad-Ahmedabad,1181.27,140.4,945.02,14.0,Heavy_Rain,272.64,265.04,92.32,72.81,50.99,62.31,45.65,,4.0,Unknown,Unknown,Unknown,861.7599999999999,5.0,1,0.7295199234721951,0.23333333333333334,1
ORD000137,2025-10-17,Individual,Express,Electronics,365.69,Bangalore,Bangkok,Unknown,QuickShip,2.0,2.0,On-Time,Perfect,5.0,325.28,Bangalore-Bangkok,3380.01,401.55,0.0,0.0,Light_Rain,111.2,88.46,32.53,31.15,29.99,35.68,18.99,,4.0,Unknown,Unknown,Unknown,348.0,0.0,0,0.10295827527137492,0.0,3
ORD000138,2025-09-14,Individual,Economy,Fashion,1354.42,Delhi,Mumbai,Temperature_Controlled,ReliableExpress,10.0,13.0,Severely-Delayed,Incomplete,3.0,808.82,Delhi-Mumbai,180.99,23.99,144.79,92.0,Light_Rain,252.38,207.67,110.16,78.0,57.85,68.56,61.16,2025-09-29,3.0,Late delivery but good quality,Yes,Quality,835.7799999999999,3.0,1,4.6178241891817216,1.5333333333333334,1
ORD000139,2025-09-03,Individual,Express,Electronics,1423.38,Delhi,Pune,Unknown,EcoDeliver,1.0,4.0,Severely-Delayed,Perfect,1.0,495.14,Delhi-Pune,1212.91,142.06,970.32,56.0,Unknown,165.81,142.34,64.9,42.55,27.5,40.32,49.37,2025-09-07,1.0,Late delivery but good quality,No,Unknown,532.79,3.0,1,0.43926589771706054,0.9333333333333333,3
ORD000140,2025-09-01,Individual,Economy,Home Goods,380.8,Bangalore,Chennai,Unknown,ReliableExpress,10.0,10.0,On-Time,Perfect,4.0,652.02,Bangalore-Chennai,177.19,19.16,141.75,108.0,Unknown,210.78,166.51,71.39,33.87,45.37,73.09,43.73,2025-09-13,4.0,"No complaints, smooth process",Yes,Quality,644.74,0.0,0,3.638692928494836,1.8,1
ORD000141,2025-09-05,SMB,Standard,Electronics,207.43,Kolkata,Bangkok,Unknown,SpeedyLogistics,4.0,6.0,Slightly-Delayed,Perfect,3.0,734.19,Kolkata-Bangkok,2383.6,288.69,0.0,0.0,Unknown,252.87,233.15,92.1,68.33,68.5,59.03,65.27,2025-09-15,3.0,"No complaints, smooth process",No,Unknown,839.25,2.0,1,0.3520934720590703,0.0,2
ORD000142,2025-09-26,SMB,Economy,Books,456.68,Bangalore,Hong Kong,Unknown,EcoDeliver,7.0,7.0,On-Time,Perfect,5.0,598.16,Bangalore-Hong Kong,3249.7,390.19,0.0,0.0,Unknown,207.01,208.69,74.27,59.42,52.48,53.8,46.01,2025-10-04,5.0,"No complaints, smooth process",No,Quality,701.68,0.0,0,0.21592146967412376,0.0,1
ORD000143,2025-09-14,Individual,Express,Home Goods,302.97,Chennai,Ahmedabad,Unknown,SpeedyLogistics,1.0,2.0,Slightly-Delayed,Incomplete,1.0,349.92,Chennai-Ahmedabad,1754.23,207.77,1403.39,37.0,Unknown,139.69,117.49,36.7,29.85,23.54,28.09,24.56,2025-09-18,1.0,Late delivery but good quality,No,Quality,399.92,1.0,1,0.22797466694789167,0.6166666666666667,3
ORD000144,2025-10-09,SMB,Standard,Books,645.14,Kolkata,Hong Kong,Unknown,GlobalTransit,3.0,5.0,Slightly-Delayed,Wrong_Item,2.0,539.6,Kolkata-Hong Kong,3312.45,401.32,0.0,0.0,Unknown,174.55,179.09,63.06,49.31,27.0,49.81,33.49,2025-10-16,2.0,"No complaints, smooth process",Yes,Unknown,576.31,2.0,1,0.17398300351703422,0.0,2
ORD000145,2025-09-27,Individual,Economy,Food & Beverage,67.26,Bangalore,Delhi,Unknown,QuickShip,10.0,10.0,On-Time,Perfect,5.0,777.65,Bangalore-Delhi,424.9,49.09,339.92,114.0,Unknown,251.46,199.72,85.04,60.48,50.21,75.2,53.54,2025-10-08,5.0,"Perfect condition, thank you",No,Unknown,775.6500000000001,0.0,0,1.8254883502000474,1.9,1
ORD000146,2025-09-09,Individual,Standard,Home Goods,611.41,Delhi,Bangalore,Temperature_Controlled,QuickShip,4.0,5.0,Slightly-Delayed,Perfect,3.0,747.94,Delhi-Bangalore,1361.22,166.83,1088.98,86.0,Unknown,289.89,254.7,93.23,49.74,41.39,88.36,39.65,2025-09-14,3.0,Wrong item delivered,Yes,Unknown,856.9599999999999,1.0,1,0.6295529010740365,1.4333333333333333,2
ORD000147,2025-09-15,Individual,Standard,Industrial,137.35,Hyderabad,Chennai,Unknown,GlobalTransit,5.0,6.0,Slightly-Delayed,Perfect,3.0,618.15,Hyderabad-Chennai,1623.27,197.97,1298.62,111.0,Light_Rain,203.84,172.96,71.72,35.99,55.11,52.48,50.53,2025-09-21,3.0,"Perfect condition, thank you",No,Unknown,642.63,1.0,1,0.3958860817978525,1.85,2
ORD000148,2025-09-15,SMB,Standard,Electronics,1570.0,Delhi,Mumbai,Unknown,EcoDeliver,3.0,3.0,On-Time,Perfect,5.0,285.28,Delhi-Mumbai,408.74,47.76,326.99,46.0,Light_Rain,89.12,73.33,41.5,16.98,25.98,29.04,15.37,,4.0,Unknown,Unknown,Unknown,291.32,0.0,0,0.7127269168664676,0.7666666666666667,2
ORD000149,2025-09-26,SMB,Standard,Fashion,147.13,Bangalore,Chennai,Unknown,ReliableExpress,4.0,4.0,On-Time,Perfect,5.0,542.75,Bangalore-Chennai,1774.26,215.45,1419.41,84.0,Unknown,214.68,149.09,77.6,31.72,50.31,43.71,41.03,2025-10-04,5.0,Poor customer service response,Yes,Timing,608.1400000000001,0.0,0,0.3427569803749169,1.4,2
ORD000150,2025-10-12,Enterprise,Standard,Healthcare,151.01,Ahmedabad,Dubai,Unknown,QuickShip,5.0,5.0,On-Time,Perfect,4.0,410.63,Ahmedabad-Dubai,2448.8,292.66,0.0,0.0,Unknown,154.78,141.04,59.73,37.36,38.77,36.12,26.37,2025-10-21,4.0,Late delivery but good quality,Yes,Timing,494.17,0.0,0,0.20180088206468474,0.0,2
ORD000151,2025-09-13,SMB,Standard,Electronics,786.9,Mumbai,Ahmedabad,Unknown,Unknown,4.0,5.0,Unknown,Unknown,4.0,575.5799999999999,Unknown,1627.84,198.12,246.77,16.0,Unknown,200.48,167.35500000000002,67.975,40.785,38.82,56.7,39.985,,4.0,Unknown,Unknown,Unknown,612.1000000000001,1.0,1,0.37601975624139977,0.26666666666666666,2
ORD000152,2025-10-02,Enterprise,Economy,Electronics,412.12,Mumbai,Ahmedabad,Unknown,Unknown,4.0,5.0,Unknown,Unknown,4.0,575.5799999999999,Unknown,1627.84,198.12,246.77,16.0,Unknown,200.48,167.35500000000002,67.975,40.785,38.82,56.7,39.985,,4.0,Unknown,Unknown,Unknown,612.1000000000001,1.0,1,0.37601975624139977,0.26666666666666666,1
ORD000153,2025-10-09,SMB,Express,Food & Beverage,12270.8,Delhi,Bangkok,Fragile,Unknown,4.0,5.0,Unknown,Unknown,4.0,575.5799999999999,Unknown,1627.84,198.12,246.77,16.0,Unknown,200.48,167.35500000000002,67.975,40.785,38.82,56.7,39.985,,4.0,Unknown,Unknown,Unknown,612.1000000000001,1.0,1,0.37601975624139977,0.26666666666666666,3
ORD000154,2025-10-19,SMB,Standard,Industrial,35.02,Pune,Chennai,Fragile,Unknown,4.0,5.0,Unknown,Unknown,4.0,575.5799999999999,Unknown,1627.84,198.12,246.77,16.0,Unknown,200.48,167.35500000000002,67.975,40.785,38.82,56.7,39.985,,4.0,Unknown,Unknown,Unknown,612.1000000000001,1.0,1,0.37601975624139977,0.26666666666666666,2
ORD000155,2025-10-02,Enterprise,Economy,Healthcare,475.7,Mumbai,Bangalore,Unknown,Unknown,4.0,5.0,Unknown,Unknown,4.0,575.5799999999999,Unknown,1627.84,198.12,246.77,16.0,Unknown,200.48,167.35500000000002,67.975,40.785,38.82,56.7,39.985,,4.0,Unknown,Unknown,Unknown,612.1000000000001,1.0,1,0.37601975624139977,0.26666666666666666,1
ORD000156,2025-09-04,SMB,Economy,Home Goods,2196.18,Mumbai,Kolkata,Temperature_Controlled,Unknown,4.0,5.0,Unknown,Unknown,4.0,575.5799999999999,Unknown,1627.84,198.12,246.77,16.0,Unknown,200.48,167.35500000000002,67.975,40.785,38.82,56.7,39.985,,4.0,Unknown,Unknown,Unknown,612.1000000000001,1.0,1,0.37601975624139977,0.26666666666666666,1
ORD000157,2025-09-30,Enterprise,Standard,Home Goods,169.45,Mumbai,Pune,Unknown,Unknown,4.0,5.0,Unknown,Unknown,4.0,575.5799999999999,Unknown,1627.84,198.12,246.77,16.0,Unknown,200.48,167.35500000000002,67.975,40.785,38.82,56.7,39.985,,4.0,Unknown,Unknown,Unknown,612.1000000000001,1.0,1,0.37601975624139977,0.26666666666666666,2
ORD000158,2025-10-07,Enterprise,Standard,Home Goods,102.94,Mumbai,Bangkok,Unknown,Unknown,4.0,5.0,Unknown,Unknown,4.0,575.5799999999999,Unknown,1627.84,198.12,246.77,16.0,Unknown,200.48,167.35500000000002,67.975,40.785,38.82,56.7,39.985,,4.0,Unknown,Unknown,Unknown,612.1000000000001,1.0,1,0.37601975624139977,0.26666666666666666,2
ORD000159,2025-09-23,Individual,Standard,Books,109.26,Mumbai,Bangkok,Unknown,Unknown,4.0,5.0,Unknown,Unknown,4.0,575.5799999999999,Unknown,1627.84,198.12,246.77,16.0,Unknown,200.48,167.35500000000002,67.975,40.785,38.82,56.7,39.985,,4.0,Unknown,Unknown,Unknown,612.1000000000001,1.0,1,0.37601975624139977,0.26666666666666666,2
ORD000160,2025-10-09,SMB,Express,Books,35.95,Bangalore,Chennai,Hazmat,Unknown,4.0,5.0,Unknown,Unknown,4.0,575.5799999999999,Unknown,1627.84,198.12,246.77,16.0,Unknown,200.48,167.35500000000002,67.975,40.785,38.82,56.7,39.985,,4.0,Unknown,Unknown,Unknown,612.1000000000001,1.0,1,0.37601975624139977,0.26666666666666666,3
ORD000161,2025-10-15,Enterprise,Standard,Fashion,3055.07,Bangalore,Mumbai,Unknown,Unknown,4.0,5.0,Unknown,Unknown,4.0,575.5799999999999,Unknown,1627.84,198.12,246.77,16.0,Unknown,200.48,167.35500000000002,67.975,40.785,38.82,56.7,39.985,,4.0,Unknown,Unknown,Unknown,612.1000000000001,1.0,1,0.37601975624139977,0.26666666666666666,2
ORD000162,2025-09-15,SMB,Standard,Healthcare,246.06,Delhi,Singapore,Unknown,Unknown,4.0,5.0,Unknown,Unknown,4.0,575.5799999999999,Unknown,1627.84,198.12,246.77,16.0,Unknown,200.48,167.35500000000002,67.975,40.785,38.82,56.7,39.985,,4.0,Unknown,Unknown,Unknown,612.1000000000001,1.0,1,0.37601975624139977,0.26666666666666666,2
ORD000163,2025-10-13,Individual,Standard,Home Goods,206.02,Delhi,Hyderabad,Unknown,Unknown,4.0,5.0,Unknown,Unknown,4.0,575.5799999999999,Unknown,1627.84,198.12,246.77,16.0,Unknown,200.48,167.35500000000002,67.975,40.785,38.82,56.7,39.985,,4.0,Unknown,Unknown,Unknown,612.1000000000001,1.0,1,0.37601975624139977,0.26666666666666666,2
ORD000164,2025-09-29,Enterprise,Express,Books,16.67,Mumbai,Hyderabad,Unknown,Unknown,4.0,5.0,Unknown,Unknown,4.0,575.5799999999999,Unknown,1627.84,198.12,246.77,16.0,Unknown,200.48,167.35500000000002,67.975,40.785,38.82,56.7,39.985,,4.0,Unknown,Unknown,Unknown,612.1000000000001,1.0,1,0.37601975624139977,0.26666666666666666,3
ORD000165,2025-10-06,SMB,Economy,Fashion,46.97,Delhi,Bangkok,Unknown,Unknown,4.0,5.0,Unknown,Unknown,4.0,575.5799999999999,Unknown,1627.84,198.12,246.77,16.0,Unknown,200.48,167.35500000000002,67.975,40.785,38.82,56.7,39.985,,4.0,Unknown,Unknown,Unknown,612.1000000000001,1.0,1,0.37601975624139977,0.26666666666666666,1
ORD000166,2025-09-13,Enterprise,Economy,Industrial,3633.98,Bangalore,Kolkata,Unknown,Unknown,4.0,5.0,Unknown,Unknown,4.0,575.5799999999999,Unknown,1627.84,198.12,246.77,16.0,Unknown,200.48,167.35500000000002,67.975,40.785,38.82,56.7,39.985,,4.0,Unknown,Unknown,Unknown,612.1000000000001,1.0,1,0.37601975624139977,0.26666666666666666,1
ORD000167,2025-10-02,Enterprise,Standard,Fashion,635.66,Kolkata,Pune,Unknown,Unknown,4.0,5.0,Unknown,Unknown,4.0,575.5799999999999,Unknown,1627.84,198.12,246.77,16.0,Unknown,200.48,167.35500000000002,67.975,40.785,38.82,56.7,39.985,,4.0,Unknown,Unknown,Unknown,612.1000000000001,1.0,1,0.37601975624139977,0.26666666666666666,2
ORD000168,2025-09-07,SMB,Standard,Books,2320.99,Mumbai,Chennai,Unknown,Unknown,4.0,5.0,Unknown,Unknown,4.0,575.5799999999999,Unknown,1627.84,198.12,246.77,16.0,Unknown,200.48,167.35500000000002,67.975,40.785,38.82,56.7,39.985,,4.0,Unknown,Unknown,Unknown,612.1000000000001,1.0,1,0.37601975624139977,0.26666666666666666,2
ORD000169,2025-09-22,SMB,Standard,Food & Beverage,1919.82,Bangalore,Dubai,Unknown,Unknown,4.0,5.0,Unknown,Unknown,4.0,575.5799999999999,Unknown,1627.84,198.12,246.77,16.0,Unknown,200.48,167.35500000000002,67.975,40.785,38.82,56.7,39.985,,4.0,Unknown,Unknown,Unknown,612.1000000000001,1.0,1,0.37601975624139977,0.26666666666666666,2
ORD000170,2025-09-28,SMB,Economy,Food & Beverage,89.93,Delhi,Hyderabad,Unknown,Unknown,4.0,5.0,Unknown,Unknown,4.0,575.5799999999999,Unknown,1627.84,198.12,246.77,16.0,Unknown,200.48,167.35500000000002,67.975,40.785,38.82,56.7,39.985,,4.0,Unknown,Unknown,Unknown,612.1000000000001,1.0,1,0.37601975624139977,0.26666666666666666,1
ORD000171,2025-09-02,Individual,Standard,Home Goods,15440.85,Hyderabad,Bangalore,Unknown,Unknown,4.0,5.0,Unknown,Unknown,4.0,575.5799999999999,Unknown,1627.84,198.12,246.77,16.0,Unknown,200.48,167.35500000000002,67.975,40.785,38.82,56.7,39.985,,4.0,Unknown,Unknown,Unknown,612.1000000000001,1.0,1,0.37601975624139977,0.26666666666666666,2
ORD000172,2025-10-12,Individual,Express,Food & Beverage,7514.57,Chennai,Bangkok,Unknown,Unknown,4.0,5.0,Unknown,Unknown,4.0,575.5799999999999,Unknown,1627.84,198.12,246.77,16.0,Unknown,200.48,167.35500000000002,67.975,40.785,38.82,56.7,39.985,,4.0,Unknown,Unknown,Unknown,612.1000000000001,1.0,1,0.37601975624139977,0.26666666666666666,3
ORD000173,2025-10-15,SMB,Economy,Home Goods,173.18,Bangalore,Mumbai,Unknown,Unknown,4.0,5.0,Unknown,Unknown,4.0,575.5799999999999,Unknown,1627.84,198.12,246.77,16.0,Unknown,200.48,167.35500000000002,67.975,40.785,38.82,56.7,39.985,,4.0,Unknown,Unknown,Unknown,612.1000000000001,1.0,1,0.37601975624139977,0.26666666666666666,1
ORD000174,2025-09-06,SMB,Economy,Home Goods,1.91,Delhi,Hong Kong,Unknown,Unknown,4.0,5.0,Unknown,Unknown,4.0,575.5799999999999,Unknown,1627.84,198.12,246.77,16.0,Unknown,200.48,167.35500000000002,67.975,40.785,38.82,56.7,39.985,,4.0,Unknown,Unknown,Unknown,612.1000000000001,1.0,1,0.37601975624139977,0.26666666666666666,1
ORD000175,2025-09-28,Individual,Economy,Books,236.32,Pune,Hyderabad,Unknown,Unknown,4.0,5.0,Unknown,Unknown,4.0,575.5799999999999,Unknown,1627.84,198.12,246.77,16.0,Unknown,200.48,167.35500000000002,67.975,40.785,38.82,56.7,39.985,,4.0,Unknown,Unknown,Unknown,612.1000000000001,1.0,1,0.37601975624139977,0.26666666666666666,1
ORD000176,2025-09-28,Enterprise,Economy,Food & Beverage,576.77,Mumbai,Bangalore,Hazmat,Unknown,4.0,5.0,Unknown,Unknown,4.0,575.5799999999999,Unknown,1627.84,198.12,246.77,16.0,Unknown,200.48,167.35500000000002,67.975,40.785,38.82,56.7,39.985,,4.0,Unknown,Unknown,Unknown,612.1000000000001,1.0,1,0.37601975624139977,0.26666666666666666,1
ORD000177,2025-10-14,SMB,Standard,Home Goods,172.16,Mumbai,Chennai,Unknown,Unknown,4.0,5.0,Unknown,Unknown,4.0,575.5799999999999,Unknown,1627.84,198.12,246.77,16.0,Unknown,200.48,167.35500000000002,67.975,40.785,38.82,56.7,39.985,,4.0,Unknown,Unknown,Unknown,612.1000000000001,1.0,1,0.37601975624139977,0.26666666666666666,2
ORD000178,2025-10-14,Enterprise,Standard,Healthcare,289.37,Delhi,Mumbai,Unknown,Unknown,4.0,5.0,Unknown,Unknown,4.0,575.5799999999999,Unknown,1627.84,198.12,246.77,16.0,Unknown,200.48,167.35500000000002,67.975,40.785,38.82,56.7,39.985,,4.0,Unknown,Unknown,Unknown,612.1000000000001,1.0,1,0.37601975624139977,0.26666666666666666,2
ORD000179,2025-09-20,Enterprise,Economy,Industrial,116.4,Mumbai,Dubai,Unknown,Unknown,4.0,5.0,Unknown,Unknown,4.0,575.5799999999999,Unknown,1627.84,198.12,246.77,16.0,Unknown,200.48,167.35500000000002,67.975,40.785,38.82,56.7,39.985,,4.0,Unknown,Unknown,Unknown,612.1000000000001,1.0,1,0.37601975624139977,0.26666666666666666,1
ORD000180,2025-09-30,Individual,Economy,Fashion,1607.53,Pune,Singapore,Unknown,Unknown,4.0,5.0,Unknown,Unknown,4.0,575.5799999999999,Unknown,1627.84,198.12,246.77,16.0,Unknown,200.48,167.35500000000002,67.975,40.785,38.82,56.7,39.985,,4.0,Unknown,Unknown,Unknown,612.1000000000001,1.0,1,0.37601975624139977,0.26666666666666666,1
ORD000181,2025-09-11,Individual,Express,Fashion,443.83,Kolkata,Delhi,Unknown,Unknown,4.0,5.0,Unknown,Unknown,4.0,575.5799999999999,Unknown,1627.84,198.12,246.77,16.0,Unknown,200.48,167.35500000000002,67.975,40.785,38.82,56.7,39.985,,4.0,Unknown,Unknown,Unknown,612.1000000000001,1.0,1,0.37601975624139977,0.26666666666666666,3
ORD000182,2025-09-28,SMB,Express,Books,1681.21,Delhi,Bangkok,Unknown,Unknown,4.0,5.0,Unknown,Unknown,4.0,575.5799999999999,Unknown,1627.84,198.12,246.77,16.0,Unknown,200.48,167.35500000000002,67.975,40.785,38.82,56.7,39.985,,4.0,Unknown,Unknown,Unknown,612.1000000000001,1.0,1,0.37601975624139977,0.26666666666666666,3
ORD000183,2025-09-25,SMB,Standard,Food & Beverage,2523.26,Bangalore,Singapore,Unknown,Unknown,4.0,5.0,Unknown,Unknown,4.0,575.5799999999999,Unknown,1627.84,198.12,246.77,16.0,Unknown,200.48,167.35500000000002,67.975,40.785,38.82,56.7,39.985,,4.0,Unknown,Unknown,Unknown,612.1000000000001,1.0,1,0.37601975624139977,0.26666666666666666,2
ORD000184,2025-10-09,Enterprise,Economy,Food & Beverage,15.46,Ahmedabad,Dubai,Unknown,Unknown,4.0,5.0,Unknown,Unknown,4.0,575.5799999999999,Unknown,1627.84,198.12,246.77,16.0,Unknown,200.48,167.35500000000002,67.975,40.785,38.82,56.7,39.985,,4.0,Unknown,Unknown,Unknown,612.1000000000001,1.0,1,0.37601975624139977,0.26666666666666666,1
ORD000185,2025-10-03,Enterprise,Economy,Home Goods,127.0,Hyderabad,Mumbai,Temperature_Controlled,Unknown,4.0,5.0,Unknown,Unknown,4.0,575.5799999999999,Unknown,1627.84,198.12,246.77,16.0,Unknown,200.48,167.35500000000002,67.975,40.785,38.82,56.7,39.985,,4.0,Unknown,Unknown,Unknown,612.1000000000001,1.0,1,0.37601975624139977,0.26666666666666666,1
ORD000186,2025-09-01,Enterprise,Express,Electronics,158.22,Chennai,Hyderabad,Fragile,Unknown,4.0,5.0,Unknown,Unknown,4.0,575.5799999999999,Unknown,1627.84,198.12,246.77,16.0,Unknown,200.48,167.35500000000002,67.975,40.785,38.82,56.7,39.985,,4.0,Unknown,Unknown,Unknown,612.1000000000001,1.0,1,0.37601975624139977,0.26666666666666666,3
ORD000187,2025-09-27,SMB,Standard,Home Goods,19092.65,Pune,Singapore,Unknown,Unknown,4.0,5.0,Unknown,Unknown,4.0,575.5799999999999,Unknown,1627.84,198.12,246.77,16.0,Unknown,200.48,167.35500000000002,67.975,40.785,38.82,56.7,39.985,,4.0,Unknown,Unknown,Unknown,612.1000000000001,1.0,1,0.37601975624139977,0.26666666666666666,2
ORD000188,2025-09-13,Individual,Standard,Industrial,504.47,Ahmedabad,Bangkok,Unknown,Unknown,4.0,5.0,Unknown,Unknown,4.0,575.5799999999999,Unknown,1627.84,198.12,246.77,16.0,Unknown,200.48,167.35500000000002,67.975,40.785,38.82,56.7,39.985,,4.0,Unknown,Unknown,Unknown,612.1000000000001,1.0,1,0.37601975624139977,0.26666666666666666,2
ORD000189,2025-10-11,SMB,Economy,Healthcare,1364.91,Kolkata,Delhi,Fragile,Unknown,4.0,5.0,Unknown,Unknown,4.0,575.5799999999999,Unknown,1627.84,198.12,246.77,16.0,Unknown,200.48,167.35500000000002,67.975,40.785,38.82,56.7,39.985,,4.0,Unknown,Unknown,Unknown,612.1000000000001,1.0,1,0.37601975624139977,0.26666666666666666,1
ORD000190,2025-09-03,Enterprise,Economy,Fashion,24.02,Mumbai,Kolkata,Unknown,Unknown,4.0,5.0,Unknown,Unknown,4.0,575.5799999999999,Unknown,1627.84,198.12,246.77,16.0,Unknown,200.48,167.35500000000002,67.975,40.785,38.82,56.7,39.985,,4.0,Unknown,Unknown,Unknown,612.1000000000001,1.0,1,0.37601975624139977,0.26666666666666666,1
ORD000191,2025-10-09,Individual,Economy,Home Goods,500.11,Delhi,Ahmedabad,Unknown,Unknown,4.0,5.0,Unknown,Unknown,4.0,575.5799999999999,Unknown,1627.84,198.12,246.77,16.0,Unknown,200.48,167.35500000000002,67.975,40.785,38.82,56.7,39.985,,4.0,Unknown,Unknown,Unknown,612.1000000000001,1.0,1,0.37601975624139977,0.26666666666666666,1
ORD000192,2025-09-06,Individual,Standard,Electronics,1750.12,Hyderabad,Bangalore,Hazmat,Unknown,4.0,5.0,Unknown,Unknown,4.0,575.5799999999999,Unknown,1627.84,198.12,246.77,16.0,Unknown,200.48,167.35500000000002,67.975,40.785,38.82,56.7,39.985,,4.0,Unknown,Unknown,Unknown,612.1000000000001,1.0,1,0.37601975624139977,0.26666666666666666,2
ORD000193,2025-09-08,SMB,Standard,Electronics,1469.9,Mumbai,Hyderabad,Unknown,Unknown,4.0,5.0,Unknown,Unknown,4.0,575.5799999999999,Unknown,1627.84,198.12,246.77,16.0,Unknown,200.48,167.35500000000002,67.975,40.785,38.82,56.7,39.985,,4.0,Unknown,Unknown,Unknown,612.1000000000001,1.0,1,0.37601975624139977,0.26666666666666666,2
ORD000194,2025-09-27,SMB,Standard,Home Goods,1027.72,Hyderabad,Singapore,Unknown,Unknown,4.0,5.0,Unknown,Unknown,4.0,575.5799999999999,Unknown,1627.84,198.12,246.77,16.0,Unknown,200.48,167.35500000000002,67.975,40.785,38.82,56.7,39.985,,4.0,Unknown,Unknown,Unknown,612.1000000000001,1.0,1,0.37601975624139977,0.26666666666666666,2
ORD000195,2025-09-09,SMB,Express,Books,411.37,Mumbai,Hong Kong,Hazmat,Unknown,4.0,5.0,Unknown,Unknown,4.0,575.5799999999999,Unknown,1627.84,198.12,246.77,16.0,Unknown,200.48,167.35500000000002,67.975,40.785,38.82,56.7,39.985,,4.0,Unknown,Unknown,Unknown,612.1000000000001,1.0,1,0.37601975624139977,0.26666666666666666,3
ORD000196,2025-10-07,Enterprise,Economy,Fashion,442.46,Mumbai,Chennai,Unknown,Unknown,4.0,5.0,Unknown,Unknown,4.0,575.5799999999999,Unknown,1627.84,198.12,246.77,16.0,Unknown,200.48,167.35500000000002,67.975,40.785,38.82,56.7,39.985,,4.0,Unknown,Unknown,Unknown,612.1000000000001,1.0,1,0.37601975624139977,0.26666666666666666,1
ORD000197,2025-10-03,SMB,Economy,Books,31.82,Delhi,Kolkata,Unknown,Unknown,4.0,5.0,Unknown,Unknown,4.0,575.5799999999999,Unknown,1627.84,198.12,246.77,16.0,Unknown,200.48,167.35500000000002,67.975,40.785,38.82,56.7,39.985,,4.0,Unknown,Unknown,Unknown,612.1000000000001,1.0,1,0.37601975624139977,0.26666666666666666,1
ORD000198,2025-10-12,Individual,Economy,Healthcare,104.5,Mumbai,Dubai,Unknown,Unknown,4.0,5.0,Unknown,Unknown,4.0,575.5799999999999,Unknown,1627.84,198.12,246.77,16.0,Unknown,200.48,167.35500000000002,67.975,40.785,38.82,56.7,39.985,,4.0,Unknown,Unknown,Unknown,612.1000000000001,1.0,1,0.37601975624139977,0.26666666666666666,1
ORD000199,2025-10-14,Enterprise,Economy,Electronics,570.44,Pune,Ahmedabad,Fragile,Unknown,4.0,5.0,Unknown,Unknown,4.0,575.5799999999999,Unknown,1627.84,198.12,246.77,16.0,Unknown,200.48,167.35500000000002,67.975,40.785,38.82,56.7,39.985,,4.0,Unknown,Unknown,Unknown,612.1000000000001,1.0,1,0.37601975624139977,0.26666666666666666,1
ORD000200,2025-09-24,Enterprise,Standard,Electronics,137.83,Hyderabad,Mumbai,Temperature_Controlled,Unknown,4.0,5.0,Unknown,Unknown,4.0,575.5799999999999,Unknown,1627.84,198.12,246.77,16.0,Unknown,200.48,167.35500000000002,67.975,40.785,38.82,56.7,39.985,,4.0,Unknown,Unknown,Unknown,612.1000000000001,1.0,1,0.37601975624139977,0.26666666666666666,2
